Issue ID,Description,State,Severity,Story Points,Project Path,Location Kind,Path,Line,Column,Incident ID,Help Link,Assembly Name,Assembly Version,Assembly Public Key,Snippet
NuGet.0002,NuGet package upgrade is recommended,Active,Potential,1,DasBlog.CLI\DasBlog.CLI.csproj,File,DasBlog.CLI\DasBlog.CLI.csproj,,,Microsoft.Extensions.Configuration 8.0.0,,,,,"Microsoft.Extensions.Configuration, 8.0.0  Recommendation:  Remove Microsoft.Extensions.Configuration, and replace with new package Microsoft.Extensions.Configuration 10.0.3"
NuGet.0002,NuGet package upgrade is recommended,Active,Potential,1,DasBlog.CLI\DasBlog.CLI.csproj,File,DasBlog.CLI\DasBlog.CLI.csproj,,,Microsoft.Extensions.Configuration.Xml 8.0.1,,,,,"Microsoft.Extensions.Configuration.Xml, 8.0.1  Recommendation:  Remove Microsoft.Extensions.Configuration.Xml, and replace with new package Microsoft.Extensions.Configuration.Xml 10.0.3"
NuGet.0002,NuGet package upgrade is recommended,Active,Potential,1,DasBlog.CLI\DasBlog.CLI.csproj,File,DasBlog.CLI\DasBlog.CLI.csproj,,,Microsoft.Extensions.DependencyInjection 8.0.1,,,,,"Microsoft.Extensions.DependencyInjection, 8.0.1  Recommendation:  Remove Microsoft.Extensions.DependencyInjection, and replace with new package Microsoft.Extensions.DependencyInjection 10.0.3"
NuGet.0002,NuGet package upgrade is recommended,Active,Potential,1,DasBlog.CLI\DasBlog.CLI.csproj,File,DasBlog.CLI\DasBlog.CLI.csproj,,,Microsoft.Extensions.DependencyInjection.Abstractions 8.0.2,,,,,"Microsoft.Extensions.DependencyInjection.Abstractions, 8.0.2  Recommendation:  Remove Microsoft.Extensions.DependencyInjection.Abstractions, and replace with new package Microsoft.Extensions.DependencyInjection.Abstractions 10.0.3"
NuGet.0002,NuGet package upgrade is recommended,Active,Potential,1,DasBlog.CLI\DasBlog.CLI.csproj,File,DasBlog.CLI\DasBlog.CLI.csproj,,,Microsoft.Extensions.Options 8.0.2,,,,,"Microsoft.Extensions.Options, 8.0.2  Recommendation:  Remove Microsoft.Extensions.Options, and replace with new package Microsoft.Extensions.Options 10.0.3"
Project.0002,Project's target framework(s) needs to be changed,Active,Mandatory,1,DasBlog.CLI\DasBlog.CLI.csproj,File,DasBlog.CLI\DasBlog.CLI.csproj,,,,,,,,Current target framework: net8.0 Recommended target framework: net10.0
Api.0003,Behavioral change in selected .NET version,Active,Potential,1,DasBlog.CLI\DasBlog.CLI.csproj,File,DasBlog.CLI\Program.cs,84,7,"M:System.Environment.SetEnvironmentVariable(System.String,System.String)",,,,,"Environment.SetEnvironmentVariable(ASPNETCORE_ENV_NAME, null);"
Api.0003,Behavioral change in selected .NET version,Active,Potential,1,DasBlog.CLI\DasBlog.CLI.csproj,File,DasBlog.CLI\Program.cs,80,7,"M:System.Environment.SetEnvironmentVariable(System.String,System.String)",,,,,"Environment.SetEnvironmentVariable(ASPNETCORE_ENV_NAME, val.Value);"
Api.0001,Binary incompatible for selected .NET version,Active,Mandatory,1,DasBlog.CLI\DasBlog.CLI.csproj,File,DasBlog.CLI\Program.cs,46,3,"M:Microsoft.Extensions.DependencyInjection.OptionsConfigurationServiceCollectionExtensions.Configure``1(Microsoft.Extensions.DependencyInjection.IServiceCollection,Microsoft.Extensions.Configuration.IConfiguration)",,,,,"service  				.Configure<SiteConfig>(Configuration)  				.AddSingleton<IUserDataRepo, UserDataRepo>()  				.AddSingleton<IUserService, UserService>()  				.AddSingleton<IConfigFileService<SiteConfig>, SiteConfigFileService>()  				.AddSingleton<IConfigFileService<SiteSecurityConfigData>, SiteSecurityConfigFileService>()  				.BuildServiceProvider();"
NuGet.0002,NuGet package upgrade is recommended,Active,Potential,1,DasBlog.Core\DasBlog.Core.csproj,File,DasBlog.Core\DasBlog.Core.csproj,,,Microsoft.Extensions.Options 8.0.2,,,,,"Microsoft.Extensions.Options, 8.0.2  Recommendation:  Remove Microsoft.Extensions.Options, and replace with new package Microsoft.Extensions.Options 10.0.3"
Project.0002,Project's target framework(s) needs to be changed,Active,Mandatory,1,DasBlog.Core\DasBlog.Core.csproj,File,DasBlog.Core\DasBlog.Core.csproj,,,,,,,,Current target framework: net8.0 Recommended target framework: net10.0
Project.0002,Project's target framework(s) needs to be changed,Active,Mandatory,1,DasBlog.Managers\DasBlog.Managers.csproj,File,DasBlog.Managers\DasBlog.Managers.csproj,,,,,,,,Current target framework: net8.0 Recommended target framework: net10.0
Api.0003,Behavioral change in selected .NET version,Active,Potential,1,DasBlog.Managers\DasBlog.Managers.csproj,File,DasBlog.Managers\ActivityPubManager.cs,106,3,T:System.Uri,,,,,"string authurl = new Uri(mastotonSiteUri, ""authorize_interaction"").AbsoluteUri + ""?uri={uri}"";"
Api.0003,Behavioral change in selected .NET version,Active,Potential,1,DasBlog.Managers\DasBlog.Managers.csproj,File,DasBlog.Managers\ActivityPubManager.cs,106,3,"M:System.Uri.#ctor(System.Uri,System.String)",,,,,"string authurl = new Uri(mastotonSiteUri, ""authorize_interaction"").AbsoluteUri + ""?uri={uri}"";"
Api.0003,Behavioral change in selected .NET version,Active,Potential,1,DasBlog.Managers\DasBlog.Managers.csproj,File,DasBlog.Managers\ActivityPubManager.cs,106,3,P:System.Uri.AbsoluteUri,,,,,"string authurl = new Uri(mastotonSiteUri, ""authorize_interaction"").AbsoluteUri + ""?uri={uri}"";"
Api.0003,Behavioral change in selected .NET version,Active,Potential,1,DasBlog.Managers\DasBlog.Managers.csproj,File,DasBlog.Managers\ActivityPubManager.cs,105,3,T:System.Uri,,,,,"string accountUrl = new Uri(mastotonSiteUri, $""@{mastodonAccount}"").AbsoluteUri;"
Api.0003,Behavioral change in selected .NET version,Active,Potential,1,DasBlog.Managers\DasBlog.Managers.csproj,File,DasBlog.Managers\ActivityPubManager.cs,105,3,"M:System.Uri.#ctor(System.Uri,System.String)",,,,,"string accountUrl = new Uri(mastotonSiteUri, $""@{mastodonAccount}"").AbsoluteUri;"
Api.0003,Behavioral change in selected .NET version,Active,Potential,1,DasBlog.Managers\DasBlog.Managers.csproj,File,DasBlog.Managers\ActivityPubManager.cs,105,3,P:System.Uri.AbsoluteUri,,,,,"string accountUrl = new Uri(mastotonSiteUri, $""@{mastodonAccount}"").AbsoluteUri;"
Api.0003,Behavioral change in selected .NET version,Active,Potential,1,DasBlog.Managers\DasBlog.Managers.csproj,File,DasBlog.Managers\ActivityPubManager.cs,104,3,T:System.Uri,,,,,"string usersUrl = new Uri(mastotonSiteUri, $""users/{mastodonAccount}"").AbsoluteUri;"
Api.0003,Behavioral change in selected .NET version,Active,Potential,1,DasBlog.Managers\DasBlog.Managers.csproj,File,DasBlog.Managers\ActivityPubManager.cs,104,3,"M:System.Uri.#ctor(System.Uri,System.String)",,,,,"string usersUrl = new Uri(mastotonSiteUri, $""users/{mastodonAccount}"").AbsoluteUri;"
Api.0003,Behavioral change in selected .NET version,Active,Potential,1,DasBlog.Managers\DasBlog.Managers.csproj,File,DasBlog.Managers\ActivityPubManager.cs,104,3,P:System.Uri.AbsoluteUri,,,,,"string usersUrl = new Uri(mastotonSiteUri, $""users/{mastodonAccount}"").AbsoluteUri;"
Api.0003,Behavioral change in selected .NET version,Active,Potential,1,DasBlog.Managers\DasBlog.Managers.csproj,File,DasBlog.Managers\ActivityPubManager.cs,103,3,T:System.Uri,,,,,var mastotonSiteUri = new Uri(mastodonUrl);
Api.0003,Behavioral change in selected .NET version,Active,Potential,1,DasBlog.Managers\DasBlog.Managers.csproj,File,DasBlog.Managers\ActivityPubManager.cs,103,3,M:System.Uri.#ctor(System.String),,,,,var mastotonSiteUri = new Uri(mastodonUrl);
Api.0003,Behavioral change in selected .NET version,Active,Potential,1,DasBlog.Managers\DasBlog.Managers.csproj,File,DasBlog.Managers\ActivityPubManager.cs,35,3,T:System.Uri,,,,,"statusActivity = new Uri(new Uri(dasBlogSettings.SiteConfiguration.Root), ""users/{0}/statuses/{1}/activity"").AbsoluteUri;"
Api.0003,Behavioral change in selected .NET version,Active,Potential,1,DasBlog.Managers\DasBlog.Managers.csproj,File,DasBlog.Managers\ActivityPubManager.cs,35,3,M:System.Uri.#ctor(System.String),,,,,"statusActivity = new Uri(new Uri(dasBlogSettings.SiteConfiguration.Root), ""users/{0}/statuses/{1}/activity"").AbsoluteUri;"
Api.0003,Behavioral change in selected .NET version,Active,Potential,1,DasBlog.Managers\DasBlog.Managers.csproj,File,DasBlog.Managers\ActivityPubManager.cs,35,3,T:System.Uri,,,,,"statusActivity = new Uri(new Uri(dasBlogSettings.SiteConfiguration.Root), ""users/{0}/statuses/{1}/activity"").AbsoluteUri;"
Api.0003,Behavioral change in selected .NET version,Active,Potential,1,DasBlog.Managers\DasBlog.Managers.csproj,File,DasBlog.Managers\ActivityPubManager.cs,35,3,"M:System.Uri.#ctor(System.Uri,System.String)",,,,,"statusActivity = new Uri(new Uri(dasBlogSettings.SiteConfiguration.Root), ""users/{0}/statuses/{1}/activity"").AbsoluteUri;"
Api.0003,Behavioral change in selected .NET version,Active,Potential,1,DasBlog.Managers\DasBlog.Managers.csproj,File,DasBlog.Managers\ActivityPubManager.cs,35,3,P:System.Uri.AbsoluteUri,,,,,"statusActivity = new Uri(new Uri(dasBlogSettings.SiteConfiguration.Root), ""users/{0}/statuses/{1}/activity"").AbsoluteUri;"
Api.0003,Behavioral change in selected .NET version,Active,Potential,1,DasBlog.Managers\DasBlog.Managers.csproj,File,DasBlog.Managers\ActivityPubManager.cs,34,3,T:System.Uri,,,,,"carbonCopy = new Uri(new Uri(dasBlogSettings.SiteConfiguration.Root), ccrelative).AbsoluteUri;"
Api.0003,Behavioral change in selected .NET version,Active,Potential,1,DasBlog.Managers\DasBlog.Managers.csproj,File,DasBlog.Managers\ActivityPubManager.cs,34,3,M:System.Uri.#ctor(System.String),,,,,"carbonCopy = new Uri(new Uri(dasBlogSettings.SiteConfiguration.Root), ccrelative).AbsoluteUri;"
Api.0003,Behavioral change in selected .NET version,Active,Potential,1,DasBlog.Managers\DasBlog.Managers.csproj,File,DasBlog.Managers\ActivityPubManager.cs,34,3,T:System.Uri,,,,,"carbonCopy = new Uri(new Uri(dasBlogSettings.SiteConfiguration.Root), ccrelative).AbsoluteUri;"
Api.0003,Behavioral change in selected .NET version,Active,Potential,1,DasBlog.Managers\DasBlog.Managers.csproj,File,DasBlog.Managers\ActivityPubManager.cs,34,3,"M:System.Uri.#ctor(System.Uri,System.String)",,,,,"carbonCopy = new Uri(new Uri(dasBlogSettings.SiteConfiguration.Root), ccrelative).AbsoluteUri;"
Api.0003,Behavioral change in selected .NET version,Active,Potential,1,DasBlog.Managers\DasBlog.Managers.csproj,File,DasBlog.Managers\ActivityPubManager.cs,34,3,P:System.Uri.AbsoluteUri,,,,,"carbonCopy = new Uri(new Uri(dasBlogSettings.SiteConfiguration.Root), ccrelative).AbsoluteUri;"
Api.0003,Behavioral change in selected .NET version,Active,Potential,1,DasBlog.Managers\DasBlog.Managers.csproj,File,DasBlog.Managers\ActivityPubManager.cs,33,3,T:System.Uri,,,,,"actor = new Uri(new Uri(dasBlogSettings.SiteConfiguration.Root), actorrelative).AbsoluteUri;"
Api.0003,Behavioral change in selected .NET version,Active,Potential,1,DasBlog.Managers\DasBlog.Managers.csproj,File,DasBlog.Managers\ActivityPubManager.cs,33,3,M:System.Uri.#ctor(System.String),,,,,"actor = new Uri(new Uri(dasBlogSettings.SiteConfiguration.Root), actorrelative).AbsoluteUri;"
Api.0003,Behavioral change in selected .NET version,Active,Potential,1,DasBlog.Managers\DasBlog.Managers.csproj,File,DasBlog.Managers\ActivityPubManager.cs,33,3,T:System.Uri,,,,,"actor = new Uri(new Uri(dasBlogSettings.SiteConfiguration.Root), actorrelative).AbsoluteUri;"
Api.0003,Behavioral change in selected .NET version,Active,Potential,1,DasBlog.Managers\DasBlog.Managers.csproj,File,DasBlog.Managers\ActivityPubManager.cs,33,3,"M:System.Uri.#ctor(System.Uri,System.String)",,,,,"actor = new Uri(new Uri(dasBlogSettings.SiteConfiguration.Root), actorrelative).AbsoluteUri;"
Api.0003,Behavioral change in selected .NET version,Active,Potential,1,DasBlog.Managers\DasBlog.Managers.csproj,File,DasBlog.Managers\ActivityPubManager.cs,33,3,P:System.Uri.AbsoluteUri,,,,,"actor = new Uri(new Uri(dasBlogSettings.SiteConfiguration.Root), actorrelative).AbsoluteUri;"
Api.0003,Behavioral change in selected .NET version,Active,Potential,1,DasBlog.Managers\DasBlog.Managers.csproj,File,DasBlog.Managers\ActivityPubManager.cs,32,3,T:System.Uri,,,,,"outBox = new Uri(new Uri(dasBlogSettings.SiteConfiguration.Root), userrelative).AbsoluteUri;"
Api.0003,Behavioral change in selected .NET version,Active,Potential,1,DasBlog.Managers\DasBlog.Managers.csproj,File,DasBlog.Managers\ActivityPubManager.cs,32,3,M:System.Uri.#ctor(System.String),,,,,"outBox = new Uri(new Uri(dasBlogSettings.SiteConfiguration.Root), userrelative).AbsoluteUri;"
Api.0003,Behavioral change in selected .NET version,Active,Potential,1,DasBlog.Managers\DasBlog.Managers.csproj,File,DasBlog.Managers\ActivityPubManager.cs,32,3,T:System.Uri,,,,,"outBox = new Uri(new Uri(dasBlogSettings.SiteConfiguration.Root), userrelative).AbsoluteUri;"
Api.0003,Behavioral change in selected .NET version,Active,Potential,1,DasBlog.Managers\DasBlog.Managers.csproj,File,DasBlog.Managers\ActivityPubManager.cs,32,3,"M:System.Uri.#ctor(System.Uri,System.String)",,,,,"outBox = new Uri(new Uri(dasBlogSettings.SiteConfiguration.Root), userrelative).AbsoluteUri;"
Api.0003,Behavioral change in selected .NET version,Active,Potential,1,DasBlog.Managers\DasBlog.Managers.csproj,File,DasBlog.Managers\ActivityPubManager.cs,32,3,P:System.Uri.AbsoluteUri,,,,,"outBox = new Uri(new Uri(dasBlogSettings.SiteConfiguration.Root), userrelative).AbsoluteUri;"
Api.0003,Behavioral change in selected .NET version,Active,Potential,1,DasBlog.Managers\DasBlog.Managers.csproj,File,DasBlog.Managers\ActivityPubManager.cs,35,3,T:System.Uri,,,,,"statusActivity = new Uri(new Uri(dasBlogSettings.SiteConfiguration.Root), ""users/{0}/statuses/{1}/activity"").AbsoluteUri;"
Api.0003,Behavioral change in selected .NET version,Active,Potential,1,DasBlog.Managers\DasBlog.Managers.csproj,File,DasBlog.Managers\ActivityPubManager.cs,35,3,M:System.Uri.#ctor(System.String),,,,,"statusActivity = new Uri(new Uri(dasBlogSettings.SiteConfiguration.Root), ""users/{0}/statuses/{1}/activity"").AbsoluteUri;"
Api.0003,Behavioral change in selected .NET version,Active,Potential,1,DasBlog.Managers\DasBlog.Managers.csproj,File,DasBlog.Managers\ActivityPubManager.cs,35,3,T:System.Uri,,,,,"statusActivity = new Uri(new Uri(dasBlogSettings.SiteConfiguration.Root), ""users/{0}/statuses/{1}/activity"").AbsoluteUri;"
Api.0003,Behavioral change in selected .NET version,Active,Potential,1,DasBlog.Managers\DasBlog.Managers.csproj,File,DasBlog.Managers\ActivityPubManager.cs,35,3,"M:System.Uri.#ctor(System.Uri,System.String)",,,,,"statusActivity = new Uri(new Uri(dasBlogSettings.SiteConfiguration.Root), ""users/{0}/statuses/{1}/activity"").AbsoluteUri;"
Api.0003,Behavioral change in selected .NET version,Active,Potential,1,DasBlog.Managers\DasBlog.Managers.csproj,File,DasBlog.Managers\ActivityPubManager.cs,35,3,P:System.Uri.AbsoluteUri,,,,,"statusActivity = new Uri(new Uri(dasBlogSettings.SiteConfiguration.Root), ""users/{0}/statuses/{1}/activity"").AbsoluteUri;"
Api.0003,Behavioral change in selected .NET version,Active,Potential,1,DasBlog.Managers\DasBlog.Managers.csproj,File,DasBlog.Managers\ActivityPubManager.cs,34,3,T:System.Uri,,,,,"carbonCopy = new Uri(new Uri(dasBlogSettings.SiteConfiguration.Root), ccrelative).AbsoluteUri;"
Api.0003,Behavioral change in selected .NET version,Active,Potential,1,DasBlog.Managers\DasBlog.Managers.csproj,File,DasBlog.Managers\ActivityPubManager.cs,34,3,M:System.Uri.#ctor(System.String),,,,,"carbonCopy = new Uri(new Uri(dasBlogSettings.SiteConfiguration.Root), ccrelative).AbsoluteUri;"
Api.0003,Behavioral change in selected .NET version,Active,Potential,1,DasBlog.Managers\DasBlog.Managers.csproj,File,DasBlog.Managers\ActivityPubManager.cs,34,3,T:System.Uri,,,,,"carbonCopy = new Uri(new Uri(dasBlogSettings.SiteConfiguration.Root), ccrelative).AbsoluteUri;"
Api.0003,Behavioral change in selected .NET version,Active,Potential,1,DasBlog.Managers\DasBlog.Managers.csproj,File,DasBlog.Managers\ActivityPubManager.cs,34,3,"M:System.Uri.#ctor(System.Uri,System.String)",,,,,"carbonCopy = new Uri(new Uri(dasBlogSettings.SiteConfiguration.Root), ccrelative).AbsoluteUri;"
Api.0003,Behavioral change in selected .NET version,Active,Potential,1,DasBlog.Managers\DasBlog.Managers.csproj,File,DasBlog.Managers\ActivityPubManager.cs,34,3,P:System.Uri.AbsoluteUri,,,,,"carbonCopy = new Uri(new Uri(dasBlogSettings.SiteConfiguration.Root), ccrelative).AbsoluteUri;"
Api.0003,Behavioral change in selected .NET version,Active,Potential,1,DasBlog.Managers\DasBlog.Managers.csproj,File,DasBlog.Managers\ActivityPubManager.cs,33,3,T:System.Uri,,,,,"actor = new Uri(new Uri(dasBlogSettings.SiteConfiguration.Root), actorrelative).AbsoluteUri;"
Api.0003,Behavioral change in selected .NET version,Active,Potential,1,DasBlog.Managers\DasBlog.Managers.csproj,File,DasBlog.Managers\ActivityPubManager.cs,33,3,M:System.Uri.#ctor(System.String),,,,,"actor = new Uri(new Uri(dasBlogSettings.SiteConfiguration.Root), actorrelative).AbsoluteUri;"
Api.0003,Behavioral change in selected .NET version,Active,Potential,1,DasBlog.Managers\DasBlog.Managers.csproj,File,DasBlog.Managers\ActivityPubManager.cs,33,3,T:System.Uri,,,,,"actor = new Uri(new Uri(dasBlogSettings.SiteConfiguration.Root), actorrelative).AbsoluteUri;"
Api.0003,Behavioral change in selected .NET version,Active,Potential,1,DasBlog.Managers\DasBlog.Managers.csproj,File,DasBlog.Managers\ActivityPubManager.cs,33,3,"M:System.Uri.#ctor(System.Uri,System.String)",,,,,"actor = new Uri(new Uri(dasBlogSettings.SiteConfiguration.Root), actorrelative).AbsoluteUri;"
Api.0003,Behavioral change in selected .NET version,Active,Potential,1,DasBlog.Managers\DasBlog.Managers.csproj,File,DasBlog.Managers\ActivityPubManager.cs,33,3,P:System.Uri.AbsoluteUri,,,,,"actor = new Uri(new Uri(dasBlogSettings.SiteConfiguration.Root), actorrelative).AbsoluteUri;"
Api.0003,Behavioral change in selected .NET version,Active,Potential,1,DasBlog.Managers\DasBlog.Managers.csproj,File,DasBlog.Managers\ActivityPubManager.cs,32,3,T:System.Uri,,,,,"outBox = new Uri(new Uri(dasBlogSettings.SiteConfiguration.Root), userrelative).AbsoluteUri;"
Api.0003,Behavioral change in selected .NET version,Active,Potential,1,DasBlog.Managers\DasBlog.Managers.csproj,File,DasBlog.Managers\ActivityPubManager.cs,32,3,M:System.Uri.#ctor(System.String),,,,,"outBox = new Uri(new Uri(dasBlogSettings.SiteConfiguration.Root), userrelative).AbsoluteUri;"
Api.0003,Behavioral change in selected .NET version,Active,Potential,1,DasBlog.Managers\DasBlog.Managers.csproj,File,DasBlog.Managers\ActivityPubManager.cs,32,3,T:System.Uri,,,,,"outBox = new Uri(new Uri(dasBlogSettings.SiteConfiguration.Root), userrelative).AbsoluteUri;"
Api.0003,Behavioral change in selected .NET version,Active,Potential,1,DasBlog.Managers\DasBlog.Managers.csproj,File,DasBlog.Managers\ActivityPubManager.cs,32,3,"M:System.Uri.#ctor(System.Uri,System.String)",,,,,"outBox = new Uri(new Uri(dasBlogSettings.SiteConfiguration.Root), userrelative).AbsoluteUri;"
Api.0003,Behavioral change in selected .NET version,Active,Potential,1,DasBlog.Managers\DasBlog.Managers.csproj,File,DasBlog.Managers\ActivityPubManager.cs,32,3,P:System.Uri.AbsoluteUri,,,,,"outBox = new Uri(new Uri(dasBlogSettings.SiteConfiguration.Root), userrelative).AbsoluteUri;"
Api.0003,Behavioral change in selected .NET version,Active,Potential,1,DasBlog.Managers\DasBlog.Managers.csproj,File,DasBlog.Managers\BlogManager.cs,240,4,T:System.Uri,,,,,"logger.LogInformation(new EventDataItem(EventCodes.SmtpError, new Uri(dasBlogSettings.SiteConfiguration.Root),   									string.Format(""SMTP Test Error: {0}"", ex.Message)));"
Api.0003,Behavioral change in selected .NET version,Active,Potential,1,DasBlog.Managers\DasBlog.Managers.csproj,File,DasBlog.Managers\BlogManager.cs,240,4,M:System.Uri.#ctor(System.String),,,,,"logger.LogInformation(new EventDataItem(EventCodes.SmtpError, new Uri(dasBlogSettings.SiteConfiguration.Root),   									string.Format(""SMTP Test Error: {0}"", ex.Message)));"
Api.0003,Behavioral change in selected .NET version,Active,Potential,1,DasBlog.Managers\DasBlog.Managers.csproj,File,DasBlog.Managers\BlogManager.cs,146,2,T:System.Uri,,,,,private Uri MakePermaLinkFromCompressedTitle(Entry entry)
Api.0003,Behavioral change in selected .NET version,Active,Potential,1,DasBlog.Managers\DasBlog.Managers.csproj,File,DasBlog.Managers\BlogManager.cs,154,4,T:System.Uri,,,,,"return new Uri(dasBlogSettings.RelativeToRoot(entry.CreatedUtc.ToString(""yyyyMMdd"") + ""/"" + entry.CompressedTitle));"
Api.0003,Behavioral change in selected .NET version,Active,Potential,1,DasBlog.Managers\DasBlog.Managers.csproj,File,DasBlog.Managers\BlogManager.cs,154,4,M:System.Uri.#ctor(System.String),,,,,"return new Uri(dasBlogSettings.RelativeToRoot(entry.CreatedUtc.ToString(""yyyyMMdd"") + ""/"" + entry.CompressedTitle));"
Api.0003,Behavioral change in selected .NET version,Active,Potential,1,DasBlog.Managers\DasBlog.Managers.csproj,File,DasBlog.Managers\BlogManager.cs,150,4,T:System.Uri,,,,,return new Uri(dasBlogSettings.RelativeToRoot(entry.CompressedTitle));
Api.0003,Behavioral change in selected .NET version,Active,Potential,1,DasBlog.Managers\DasBlog.Managers.csproj,File,DasBlog.Managers\BlogManager.cs,150,4,M:System.Uri.#ctor(System.String),,,,,return new Uri(dasBlogSettings.RelativeToRoot(entry.CompressedTitle));
Api.0003,Behavioral change in selected .NET version,Active,Potential,1,DasBlog.Managers\DasBlog.Managers.csproj,File,DasBlog.Managers\BlogManager.cs,143,3,T:System.Uri,,,,,"logger.LogInformation(new EventDataItem(eventCode, MakePermaLinkFromCompressedTitle(entry), entry.Title));"
Api.0003,Behavioral change in selected .NET version,Active,Potential,1,DasBlog.Managers\DasBlog.Managers.csproj,File,DasBlog.Managers\FileSystemBinaryManager.cs,41,4,T:System.Uri,,,,,"physBinaryPathUrl = new Uri(new Uri(SiteHttpContext.AppBaseUrl), options.BinaryUrlRelative);"
Api.0003,Behavioral change in selected .NET version,Active,Potential,1,DasBlog.Managers\DasBlog.Managers.csproj,File,DasBlog.Managers\FileSystemBinaryManager.cs,41,4,M:System.Uri.#ctor(System.String),,,,,"physBinaryPathUrl = new Uri(new Uri(SiteHttpContext.AppBaseUrl), options.BinaryUrlRelative);"
Api.0003,Behavioral change in selected .NET version,Active,Potential,1,DasBlog.Managers\DasBlog.Managers.csproj,File,DasBlog.Managers\FileSystemBinaryManager.cs,41,4,T:System.Uri,,,,,"physBinaryPathUrl = new Uri(new Uri(SiteHttpContext.AppBaseUrl), options.BinaryUrlRelative);"
Api.0003,Behavioral change in selected .NET version,Active,Potential,1,DasBlog.Managers\DasBlog.Managers.csproj,File,DasBlog.Managers\FileSystemBinaryManager.cs,41,4,"M:System.Uri.#ctor(System.Uri,System.String)",,,,,"physBinaryPathUrl = new Uri(new Uri(SiteHttpContext.AppBaseUrl), options.BinaryUrlRelative);"
Api.0003,Behavioral change in selected .NET version,Active,Potential,1,DasBlog.Managers\DasBlog.Managers.csproj,File,DasBlog.Managers\FileSystemBinaryManager.cs,37,4,T:System.Uri,,,,,physBinaryPathUrl = new Uri(dasBlogSettings.RelativeToRoot(options.BinaryUrlRelative));
Api.0003,Behavioral change in selected .NET version,Active,Potential,1,DasBlog.Managers\DasBlog.Managers.csproj,File,DasBlog.Managers\FileSystemBinaryManager.cs,37,4,M:System.Uri.#ctor(System.String),,,,,physBinaryPathUrl = new Uri(dasBlogSettings.RelativeToRoot(options.BinaryUrlRelative));
Api.0003,Behavioral change in selected .NET version,Active,Potential,1,DasBlog.Managers\DasBlog.Managers.csproj,File,DasBlog.Managers\FileSystemBinaryManager.cs,41,4,T:System.Uri,,,,,"physBinaryPathUrl = new Uri(new Uri(SiteHttpContext.AppBaseUrl), options.BinaryUrlRelative);"
Api.0003,Behavioral change in selected .NET version,Active,Potential,1,DasBlog.Managers\DasBlog.Managers.csproj,File,DasBlog.Managers\FileSystemBinaryManager.cs,41,4,M:System.Uri.#ctor(System.String),,,,,"physBinaryPathUrl = new Uri(new Uri(SiteHttpContext.AppBaseUrl), options.BinaryUrlRelative);"
Api.0003,Behavioral change in selected .NET version,Active,Potential,1,DasBlog.Managers\DasBlog.Managers.csproj,File,DasBlog.Managers\FileSystemBinaryManager.cs,41,4,T:System.Uri,,,,,"physBinaryPathUrl = new Uri(new Uri(SiteHttpContext.AppBaseUrl), options.BinaryUrlRelative);"
Api.0003,Behavioral change in selected .NET version,Active,Potential,1,DasBlog.Managers\DasBlog.Managers.csproj,File,DasBlog.Managers\FileSystemBinaryManager.cs,41,4,"M:System.Uri.#ctor(System.Uri,System.String)",,,,,"physBinaryPathUrl = new Uri(new Uri(SiteHttpContext.AppBaseUrl), options.BinaryUrlRelative);"
Api.0003,Behavioral change in selected .NET version,Active,Potential,1,DasBlog.Managers\DasBlog.Managers.csproj,File,DasBlog.Managers\FileSystemBinaryManager.cs,37,4,T:System.Uri,,,,,physBinaryPathUrl = new Uri(dasBlogSettings.RelativeToRoot(options.BinaryUrlRelative));
Api.0003,Behavioral change in selected .NET version,Active,Potential,1,DasBlog.Managers\DasBlog.Managers.csproj,File,DasBlog.Managers\FileSystemBinaryManager.cs,37,4,M:System.Uri.#ctor(System.String),,,,,physBinaryPathUrl = new Uri(dasBlogSettings.RelativeToRoot(options.BinaryUrlRelative));
NuGet.0002,NuGet package upgrade is recommended,Active,Potential,1,DasBlog.Services\DasBlog.Services.csproj,File,DasBlog.Services\DasBlog.Services.csproj,,,Microsoft.Extensions.Options 8.0.2,,,,,"Microsoft.Extensions.Options, 8.0.2  Recommendation:  Remove Microsoft.Extensions.Options, and replace with new package Microsoft.Extensions.Options 10.0.3"
Project.0002,Project's target framework(s) needs to be changed,Active,Mandatory,1,DasBlog.Services\DasBlog.Services.csproj,File,DasBlog.Services\DasBlog.Services.csproj,,,,,,,,Current target framework: net8.0 Recommended target framework: net10.0
Api.0003,Behavioral change in selected .NET version,Active,Potential,1,DasBlog.Services\DasBlog.Services.csproj,File,DasBlog.Services\FileManagement\SiteSecurityConfigFileService.cs,25,3,T:System.Xml.Serialization.XmlSerializer,,,,,var ser = new XmlSerializer(typeof(SiteSecurityConfigData));
Api.0003,Behavioral change in selected .NET version,Active,Potential,1,DasBlog.Services\DasBlog.Services.csproj,File,DasBlog.Services\FileManagement\SiteConfigFileService.cs,26,3,T:System.Xml.Serialization.XmlSerializer,,,,,var ser = new XmlSerializer(typeof(SiteConfig));
Api.0001,Binary incompatible for selected .NET version,Active,Mandatory,1,DasBlog.Services\DasBlog.Services.csproj,File,DasBlog.Services\FileManagement\DasBlogPathResolver.cs,65,3,"M:Microsoft.Extensions.Configuration.ConfigurationBinder.GetValue``1(Microsoft.Extensions.Configuration.IConfiguration,System.String)",,,,,"var contentDir = configuration.GetValue<string>(""ContentDir"") ?? ""content"";"
Api.0001,Binary incompatible for selected .NET version,Active,Mandatory,1,DasBlog.Services\DasBlog.Services.csproj,File,DasBlog.Services\FileManagement\DasBlogPathResolver.cs,57,3,"M:Microsoft.Extensions.Configuration.ConfigurationBinder.GetValue``1(Microsoft.Extensions.Configuration.IConfiguration,System.String)",,,,,"var binariesDir = configuration.GetValue<string>(""BinariesDir"") ?? Path.Combine(""content"", ""binary"");"
Api.0001,Binary incompatible for selected .NET version,Active,Mandatory,1,DasBlog.Services\DasBlog.Services.csproj,File,DasBlog.Services\FileManagement\DasBlogPathResolver.cs,65,3,"M:Microsoft.Extensions.Configuration.ConfigurationBinder.GetValue``1(Microsoft.Extensions.Configuration.IConfiguration,System.String)",,,,,"var contentDir = configuration.GetValue<string>(""ContentDir"") ?? ""content"";"
Api.0001,Binary incompatible for selected .NET version,Active,Mandatory,1,DasBlog.Services\DasBlog.Services.csproj,File,DasBlog.Services\FileManagement\DasBlogPathResolver.cs,57,3,"M:Microsoft.Extensions.Configuration.ConfigurationBinder.GetValue``1(Microsoft.Extensions.Configuration.IConfiguration,System.String)",,,,,"var binariesDir = configuration.GetValue<string>(""BinariesDir"") ?? Path.Combine(""content"", ""binary"");"
Api.0003,Behavioral change in selected .NET version,Active,Potential,1,DasBlog.Services\DasBlog.Services.csproj,File,DasBlog.Services\FileManagement\MetaConfigFileService.cs,26,3,T:System.Xml.Serialization.XmlSerializer,,,,,var ser = new XmlSerializer(typeof(MetaTags));
Api.0003,Behavioral change in selected .NET version,Active,Potential,1,DasBlog.Services\DasBlog.Services.csproj,File,DasBlog.Services\Users\UserDataRepo.cs,28,3,T:System.Xml.Serialization.XmlSerializer,,,,,var ser = new XmlSerializer(typeof(SiteSecurityConfig));
Api.0003,Behavioral change in selected .NET version,Active,Potential,1,DasBlog.Services\DasBlog.Services.csproj,File,DasBlog.Services\Site\WebManifest.cs,195,24,T:System.Uri,,,,,set;
Api.0003,Behavioral change in selected .NET version,Active,Potential,1,DasBlog.Services\DasBlog.Services.csproj,File,DasBlog.Services\Site\WebManifest.cs,195,19,T:System.Uri,,,,,get;
Api.0003,Behavioral change in selected .NET version,Active,Potential,1,DasBlog.Services\DasBlog.Services.csproj,File,DasBlog.Services\Site\WebManifest.cs,193,2,T:System.Uri,,,,,public Uri Url
Api.0003,Behavioral change in selected .NET version,Active,Potential,1,DasBlog.Services\DasBlog.Services.csproj,File,DasBlog.Services\Site\ExternalEmbeddingHandler.cs,268,11,T:System.Net.Http.HttpContent,,,,,embedding = (OEmbed)xmlOEmbedSerializer.Deserialize(await result.Content.ReadAsStreamAsync());
Api.0003,Behavioral change in selected .NET version,Active,Potential,1,DasBlog.Services\DasBlog.Services.csproj,File,DasBlog.Services\Site\ExternalEmbeddingHandler.cs,268,11,M:System.Net.Http.HttpContent.ReadAsStreamAsync,,,,,embedding = (OEmbed)xmlOEmbedSerializer.Deserialize(await result.Content.ReadAsStreamAsync());
Api.0003,Behavioral change in selected .NET version,Active,Potential,1,DasBlog.Services\DasBlog.Services.csproj,File,DasBlog.Services\Site\ExternalEmbeddingHandler.cs,268,11,T:System.Xml.Serialization.XmlSerializer,,,,,embedding = (OEmbed)xmlOEmbedSerializer.Deserialize(await result.Content.ReadAsStreamAsync());
Api.0003,Behavioral change in selected .NET version,Active,Potential,1,DasBlog.Services\DasBlog.Services.csproj,File,DasBlog.Services\Site\ExternalEmbeddingHandler.cs,266,15,T:System.Net.Http.HttpContent,,,,,"if (result.Content.Headers.GetValues(""Content-Type"").FirstOrDefault().StartsWith(""text/xml""))  										{  											embedding = (OEmbed)xmlOEmbedSerializer.Deserialize(await result.Content.ReadAsStreamAsync());  										}"
Api.0003,Behavioral change in selected .NET version,Active,Potential,1,DasBlog.Services\DasBlog.Services.csproj,File,DasBlog.Services\Site\ExternalEmbeddingHandler.cs,264,11,T:System.Net.Http.HttpContent,,,,,embedding = JsonSerializer.Deserialize<OEmbed>(await result.Content.ReadAsStringAsync());
Api.0003,Behavioral change in selected .NET version,Active,Potential,1,DasBlog.Services\DasBlog.Services.csproj,File,DasBlog.Services\Site\ExternalEmbeddingHandler.cs,262,10,T:System.Net.Http.HttpContent,,,,,"if (result.Content.Headers.GetValues(""Content-Type"").FirstOrDefault().StartsWith(""application/json""))  										{  											embedding = JsonSerializer.Deserialize<OEmbed>(await result.Content.ReadAsStringAsync());  										}  										else if (result.Content.Headers.GetValues(""Content-Type"").FirstOrDefault().StartsWith(""text/xml""))  										{  											embedding = (OEmbed)xmlOEmbedSerializer.Deserialize(await result.Content.ReadAsStreamAsync());  										}"
Api.0003,Behavioral change in selected .NET version,Active,Potential,1,DasBlog.Services\DasBlog.Services.csproj,File,DasBlog.Services\Site\ExternalEmbeddingHandler.cs,259,9,T:System.Uri,,,,,"var result = await client.GetAsync(new Uri($""{endpointUrl}?url={link}""));"
Api.0003,Behavioral change in selected .NET version,Active,Potential,1,DasBlog.Services\DasBlog.Services.csproj,File,DasBlog.Services\Site\ExternalEmbeddingHandler.cs,259,9,M:System.Uri.#ctor(System.String),,,,,"var result = await client.GetAsync(new Uri($""{endpointUrl}?url={link}""));"
Api.0003,Behavioral change in selected .NET version,Active,Potential,1,DasBlog.Services\DasBlog.Services.csproj,File,DasBlog.Services\Site\ExternalEmbeddingHandler.cs,182,2,T:System.Uri,,,,,private async Task<WebManifest> GetWebManifestAsync(Uri manifestUri)
Api.0002,Source incompatible for selected .NET version,Active,Potential,1,DasBlog.Services\DasBlog.Services.csproj,File,DasBlog.Services\Site\ExternalEmbeddingHandler.cs,206,5,M:System.TimeSpan.FromDays(System.Double),,,,,"memoryCache.Set(cacheKey, webManifest, TimeSpan.FromDays(1));"
Api.0003,Behavioral change in selected .NET version,Active,Potential,1,DasBlog.Services\DasBlog.Services.csproj,File,DasBlog.Services\Site\ExternalEmbeddingHandler.cs,202,7,T:System.Uri,,,,,"item.Src = new Uri(manifestUri, item.Src).AbsoluteUri;"
Api.0003,Behavioral change in selected .NET version,Active,Potential,1,DasBlog.Services\DasBlog.Services.csproj,File,DasBlog.Services\Site\ExternalEmbeddingHandler.cs,202,7,"M:System.Uri.#ctor(System.Uri,System.String)",,,,,"item.Src = new Uri(manifestUri, item.Src).AbsoluteUri;"
Api.0003,Behavioral change in selected .NET version,Active,Potential,1,DasBlog.Services\DasBlog.Services.csproj,File,DasBlog.Services\Site\ExternalEmbeddingHandler.cs,202,7,P:System.Uri.AbsoluteUri,,,,,"item.Src = new Uri(manifestUri, item.Src).AbsoluteUri;"
Api.0003,Behavioral change in selected .NET version,Active,Potential,1,DasBlog.Services\DasBlog.Services.csproj,File,DasBlog.Services\Site\ExternalEmbeddingHandler.cs,195,6,T:System.Net.Http.HttpContent,,,,,webManifest = WebManifest.FromJson(await manifestResult.Content.ReadAsStringAsync());
Api.0003,Behavioral change in selected .NET version,Active,Potential,1,DasBlog.Services\DasBlog.Services.csproj,File,DasBlog.Services\Site\ExternalEmbeddingHandler.cs,191,5,T:System.Net.Http.HttpContent,,,,,"if (manifestResult != null && manifestResult.IsSuccessStatusCode &&  						(manifestResult.Content.Headers.ContentType.MediaType.Contains(""+json"") ||  						 manifestResult.Content.Headers.ContentType.MediaType.Contains(""/json"")))  					{  						webManifest = WebManifest.FromJson(await manifestResult.Content.ReadAsStringAsync());  					}"
Api.0003,Behavioral change in selected .NET version,Active,Potential,1,DasBlog.Services\DasBlog.Services.csproj,File,DasBlog.Services\Site\ExternalEmbeddingHandler.cs,191,5,T:System.Net.Http.HttpContent,,,,,"if (manifestResult != null && manifestResult.IsSuccessStatusCode &&  						(manifestResult.Content.Headers.ContentType.MediaType.Contains(""+json"") ||  						 manifestResult.Content.Headers.ContentType.MediaType.Contains(""/json"")))  					{  						webManifest = WebManifest.FromJson(await manifestResult.Content.ReadAsStringAsync());  					}"
Api.0003,Behavioral change in selected .NET version,Active,Potential,1,DasBlog.Services\DasBlog.Services.csproj,File,DasBlog.Services\Site\ExternalEmbeddingHandler.cs,185,3,P:System.Uri.AbsoluteUri,,,,,var cacheKey = CACHEPREFIX_WEBMANIFEST + manifestUri.AbsoluteUri;
Api.0003,Behavioral change in selected .NET version,Active,Potential,1,DasBlog.Services\DasBlog.Services.csproj,File,DasBlog.Services\Site\ExternalEmbeddingHandler.cs,118,8,T:System.Uri,,,,,"siteTitle = $""<img class=\""opengraph-preview-site-icon\"" src=\""{new Uri(response.RequestMessage.RequestUri, icon).AbsoluteUri}\""></img> {siteTitle}"";"
Api.0003,Behavioral change in selected .NET version,Active,Potential,1,DasBlog.Services\DasBlog.Services.csproj,File,DasBlog.Services\Site\ExternalEmbeddingHandler.cs,118,8,T:System.Uri,,,,,"siteTitle = $""<img class=\""opengraph-preview-site-icon\"" src=\""{new Uri(response.RequestMessage.RequestUri, icon).AbsoluteUri}\""></img> {siteTitle}"";"
Api.0003,Behavioral change in selected .NET version,Active,Potential,1,DasBlog.Services\DasBlog.Services.csproj,File,DasBlog.Services\Site\ExternalEmbeddingHandler.cs,118,8,"M:System.Uri.#ctor(System.Uri,System.String)",,,,,"siteTitle = $""<img class=\""opengraph-preview-site-icon\"" src=\""{new Uri(response.RequestMessage.RequestUri, icon).AbsoluteUri}\""></img> {siteTitle}"";"
Api.0003,Behavioral change in selected .NET version,Active,Potential,1,DasBlog.Services\DasBlog.Services.csproj,File,DasBlog.Services\Site\ExternalEmbeddingHandler.cs,118,8,P:System.Uri.AbsoluteUri,,,,,"siteTitle = $""<img class=\""opengraph-preview-site-icon\"" src=\""{new Uri(response.RequestMessage.RequestUri, icon).AbsoluteUri}\""></img> {siteTitle}"";"
Api.0003,Behavioral change in selected .NET version,Active,Potential,1,DasBlog.Services\DasBlog.Services.csproj,File,DasBlog.Services\Site\ExternalEmbeddingHandler.cs,101,8,T:System.Uri,,,,,"siteTitle = $""<img class=\""opengraph-preview-site-icon\"" src=\""{new Uri(response.RequestMessage.RequestUri, icon.Src).AbsoluteUri}\""></img> {siteTitle}"";"
Api.0003,Behavioral change in selected .NET version,Active,Potential,1,DasBlog.Services\DasBlog.Services.csproj,File,DasBlog.Services\Site\ExternalEmbeddingHandler.cs,101,8,T:System.Uri,,,,,"siteTitle = $""<img class=\""opengraph-preview-site-icon\"" src=\""{new Uri(response.RequestMessage.RequestUri, icon.Src).AbsoluteUri}\""></img> {siteTitle}"";"
Api.0003,Behavioral change in selected .NET version,Active,Potential,1,DasBlog.Services\DasBlog.Services.csproj,File,DasBlog.Services\Site\ExternalEmbeddingHandler.cs,101,8,"M:System.Uri.#ctor(System.Uri,System.String)",,,,,"siteTitle = $""<img class=\""opengraph-preview-site-icon\"" src=\""{new Uri(response.RequestMessage.RequestUri, icon.Src).AbsoluteUri}\""></img> {siteTitle}"";"
Api.0003,Behavioral change in selected .NET version,Active,Potential,1,DasBlog.Services\DasBlog.Services.csproj,File,DasBlog.Services\Site\ExternalEmbeddingHandler.cs,101,8,P:System.Uri.AbsoluteUri,,,,,"siteTitle = $""<img class=\""opengraph-preview-site-icon\"" src=\""{new Uri(response.RequestMessage.RequestUri, icon.Src).AbsoluteUri}\""></img> {siteTitle}"";"
Api.0003,Behavioral change in selected .NET version,Active,Potential,1,DasBlog.Services\DasBlog.Services.csproj,File,DasBlog.Services\Site\ExternalEmbeddingHandler.cs,87,7,T:System.Uri,,,,,"Uri manifestUri = new Uri(response.RequestMessage.RequestUri, manifestUrl);"
Api.0003,Behavioral change in selected .NET version,Active,Potential,1,DasBlog.Services\DasBlog.Services.csproj,File,DasBlog.Services\Site\ExternalEmbeddingHandler.cs,87,7,T:System.Uri,,,,,"Uri manifestUri = new Uri(response.RequestMessage.RequestUri, manifestUrl);"
Api.0003,Behavioral change in selected .NET version,Active,Potential,1,DasBlog.Services\DasBlog.Services.csproj,File,DasBlog.Services\Site\ExternalEmbeddingHandler.cs,87,7,"M:System.Uri.#ctor(System.Uri,System.String)",,,,,"Uri manifestUri = new Uri(response.RequestMessage.RequestUri, manifestUrl);"
Api.0003,Behavioral change in selected .NET version,Active,Potential,1,DasBlog.Services\DasBlog.Services.csproj,File,DasBlog.Services\Site\ExternalEmbeddingHandler.cs,75,6,T:System.Uri,,,,,string siteTitle = response.RequestMessage.RequestUri.Host;
Api.0003,Behavioral change in selected .NET version,Active,Potential,1,DasBlog.Services\DasBlog.Services.csproj,File,DasBlog.Services\Site\ExternalEmbeddingHandler.cs,68,6,T:System.Net.Http.HttpContent,,,,,string html = await response.Content.ReadAsStringAsync();
Api.0003,Behavioral change in selected .NET version,Active,Potential,1,DasBlog.Services\DasBlog.Services.csproj,File,DasBlog.Services\Site\ExternalEmbeddingHandler.cs,66,5,T:System.Net.Http.HttpContent,,,,,"if (response.IsSuccessStatusCode && response.Content.Headers.GetValues(""Content-Type"").FirstOrDefault().StartsWith(""text/html""))  					{  						string html = await response.Content.ReadAsStringAsync();    						// Use HtmlAgilityPack to parse the HTML content  						HtmlDocument doc = new HtmlDocument();  						doc.LoadHtml(html);    						// create the site title  						string siteTitle = response.RequestMessage.RequestUri.Host;  						string[] parts = siteTitle.Split('.');  						if (parts.Length > 2)  						{  							siteTitle = string.Join(""."", parts.Skip(parts.Length - 2));  						}    						// get the web site manifest  						WebManifest webManifest = null;  						string manifestUrl = doc.DocumentNode.SelectSingleNode(""//link[@rel='manifest']"")?.Attributes[""href""]?.Value;  						if (manifestUrl != null)  						{  							Uri manifestUri = new Uri(response.RequestMessage.RequestUri, manifestUrl);  							webManifest = await GetWebManifestAsync(manifestUri);  						}    						if (webManifest != null && !string.IsNullOrEmpty(webManifest.Name))  						{  							siteTitle = webManifest.Name;  						}    						if (webManifest?.Icons?.Count() > 0)  						{  							ManifestImageResource icon = webManifest.Icons?.FirstOrDefault();  							if (icon != null && !string.IsNullOrEmpty(icon.Src))  							{  								siteTitle = $""<img class=\""opengraph-preview-site-icon\"" src=\""{new Uri(response.RequestMessage.RequestUri, icon.Src).AbsoluteUri}\""></img> {siteTitle}"";  							}  						}  						else  						{    							string icon = doc.DocumentNode.SelectSingleNode(""//link[translate(@rel, 'ABCDEFGHIJKLMNOPQRSTUVWXYZ', 'abcdefghijklmnopqrstuvwxyz')='icon']"")?.Attributes[""href""]?.Value;  							if (string.IsNullOrEmpty(icon))  							{  								icon = doc.DocumentNode.SelectSingleNode(""//link[translate(@rel, 'ABCDEFGHIJKLMNOPQRSTUVWXYZ', 'abcdefghijklmnopqrstuvwxyz')='alternate icon']"")?.Attributes[""href""]?.Value;  							}  							if (string.IsNullOrEmpty(icon))  							{  								icon = doc.DocumentNode.SelectSingleNode(""//link[translate(@rel, 'ABCDEFGHIJKLMNOPQRSTUVWXYZ', 'abcdefghijklmnopqrstuvwxyz')='shortcut icon']"")?.Attributes[""href""]?.Value;  							}  							if (!string.IsNullOrEmpty(icon))  							{  								siteTitle = $""<img class=\""opengraph-preview-site-icon\"" src=\""{new Uri(response.RequestMessage.RequestUri, icon).AbsoluteUri}\""></img> {siteTitle}"";  							}  						}    						// Extract the values of the og:title, og:description, and og:image <meta> tags  						string title = doc.DocumentNode.SelectSingleNode(""//meta[@property='og:title']"")?.Attributes[""content""]?.Value;  						string description = doc.DocumentNode.SelectSingleNode(""//meta[@property='og:description']"")?.Attributes[""content""]?.Value;  						string imageUrl = doc.DocumentNode.SelectSingleNode(""//meta[@property='og:image']"")?.Attributes[""content""]?.Value;  						if (string.IsNullOrEmpty(title))  						{  							title = doc.DocumentNode.SelectSingleNode(""//meta[@property='twitter:title']"")?.Attributes[""content""]?.Value;  						}  						if (string.IsNullOrEmpty(description))  						{  							title = doc.DocumentNode.SelectSingleNode(""//meta[@property='twitter:description']"")?.Attributes[""content""]?.Value;  						}  						if (string.IsNullOrEmpty(imageUrl))  						{  							title = doc.DocumentNode.SelectSingleNode(""//meta[@property='twitter:imageUrl']"")?.Attributes[""content""]?.Value;  						}    						if (string.IsNullOrEmpty(title) && string.IsNullOrEmpty(description) && string.IsNullOrEmpty(imageUrl))  						{  							memoryCache.Set(cacheKey, null as object, negativeExpiration);  							return null;  						}    						// Build the HTML code for the OpenGraph preview  						string htmlResult = $""<a class=\""opengraph-preview-link\"" href=\""{url}\""><div class=\""opengraph-preview\"">"";  						if (!string.IsNullOrEmpty(siteTitle))  						{  							htmlResult += $""<div class=\""opengraph-preview-site\"">{siteTitle}</div>"";  						}  						if (!string.IsNullOrEmpty(imageUrl))  						{  							htmlResult += $""<img class=\""opengraph-preview-image\"" src=\""{imageUrl}\""/>"";  						}  						htmlResult += ""<div class=\""opengraph-preview-info\"">"";  						if (!string.IsNullOrEmpty(title))  						{  							htmlResult += $""<h3 class=\""opengraph-preview-title\"">{title}</h3>"";  						}  						if (!string.IsNullOrEmpty(description))  						{  							htmlResult += $""<p class=\""opengraph-preview-description\"">{description}</p>"";  						}  						htmlResult += ""</div></div></a>"";  						memoryCache.Set(cacheKey, htmlResult, positiveExpiration);  						return htmlResult;  					}"
Api.0003,Behavioral change in selected .NET version,Active,Potential,1,DasBlog.Services\DasBlog.Services.csproj,File,DasBlog.Services\Site\ExternalEmbeddingHandler.cs,24,31,T:System.Xml.Serialization.XmlSerializer,,,,,xmlOEmbedSerializer = new XmlSerializer(typeof(OEmbed))
Api.0002,Source incompatible for selected .NET version,Active,Potential,1,DasBlog.Services\DasBlog.Services.csproj,File,DasBlog.Services\Scheduler\SiteReport.cs,58,3,M:System.TimeSpan.FromMilliseconds(System.Double),,,,,await Task.Delay(TimeSpan.FromMilliseconds(1));
Api.0003,Behavioral change in selected .NET version,Active,Potential,1,DasBlog.Services\DasBlog.Services.csproj,File,DasBlog.Services\Scheduler\SiteReport.cs,52,5,T:System.Uri,,,,,"logger.LogError(new ActivityLogs.EventDataItem(ActivityLogs.EventCodes.SmtpError,  												new Uri(dasBlogSettings.SiteConfiguration.Root),  												string.Format(""Weblog Daily Activity Report Failed: {0}"", ex.Message)));"
Api.0003,Behavioral change in selected .NET version,Active,Potential,1,DasBlog.Services\DasBlog.Services.csproj,File,DasBlog.Services\Scheduler\SiteReport.cs,52,5,M:System.Uri.#ctor(System.String),,,,,"logger.LogError(new ActivityLogs.EventDataItem(ActivityLogs.EventCodes.SmtpError,  												new Uri(dasBlogSettings.SiteConfiguration.Root),  												string.Format(""Weblog Daily Activity Report Failed: {0}"", ex.Message)));"
Api.0003,Behavioral change in selected .NET version,Active,Potential,1,DasBlog.Services\DasBlog.Services.csproj,File,DasBlog.Services\ActivityLogs\EventDataItem.cs,57,2,T:System.Uri,,,,,"public EventDataItem( EventCodes eventCode, Uri url, string userMessage  		  ,params object[] @params)  		{  			this.eventCode = eventCode;  			this.url = url?.ToString();  			this.userMessage = userMessage;  			this.@params = @params;  		}"
Api.0003,Behavioral change in selected .NET version,Active,Potential,1,DasBlog.Services\DasBlog.Services.csproj,File,DasBlog.Services\ActivityLogs\EventDataItem.cs,57,2,T:System.Uri,,,,,"public EventDataItem( EventCodes eventCode, Uri url, string userMessage  		  ,params object[] @params)  		{  			this.eventCode = eventCode;  			this.url = url?.ToString();  			this.userMessage = userMessage;  			this.@params = @params;  		}"
NuGet.0002,NuGet package upgrade is recommended,Active,Potential,1,DasBlog.Tests\DasBlog.Test.Integration\DasBlog.Test.Integration.csproj,File,DasBlog.Tests\DasBlog.Test.Integration\DasBlog.Test.Integration.csproj,,,Microsoft.AspNetCore.Mvc.Testing 8.0.10,,,,,"Microsoft.AspNetCore.Mvc.Testing, 8.0.10  Recommendation:  Remove Microsoft.AspNetCore.Mvc.Testing, and replace with new package Microsoft.AspNetCore.Mvc.Testing 10.0.3"
Project.0002,Project's target framework(s) needs to be changed,Active,Mandatory,1,DasBlog.Tests\DasBlog.Test.Integration\DasBlog.Test.Integration.csproj,File,DasBlog.Tests\DasBlog.Test.Integration\DasBlog.Test.Integration.csproj,,,,,,,,Current target framework: net8.0 Recommended target framework: net10.0
Api.0003,Behavioral change in selected .NET version,Active,Potential,1,DasBlog.Tests\DasBlog.Test.Integration\DasBlog.Test.Integration.csproj,File,DasBlog.Tests\DasBlog.Test.Integration\PlaywrightServerFactory.cs,24,11,T:System.Uri,,,,,"ClientOptions.BaseAddress = new Uri(""https://127.0.0.1"");"
Api.0003,Behavioral change in selected .NET version,Active,Potential,1,DasBlog.Tests\DasBlog.Test.Integration\DasBlog.Test.Integration.csproj,File,DasBlog.Tests\DasBlog.Test.Integration\PlaywrightServerFactory.cs,24,11,M:System.Uri.#ctor(System.String),,,,,"ClientOptions.BaseAddress = new Uri(""https://127.0.0.1"");"
Api.0003,Behavioral change in selected .NET version,Active,Potential,1,DasBlog.Tests\DasBlog.Test.Integration\DasBlog.Test.Integration.csproj,File,DasBlog.Tests\DasBlog.Test.Integration\PlaywrightServerFactory.cs,24,11,T:System.Uri,,,,,"ClientOptions.BaseAddress = new Uri(""https://127.0.0.1"");"
Api.0003,Behavioral change in selected .NET version,Active,Potential,1,DasBlog.Tests\DasBlog.Test.Integration\DasBlog.Test.Integration.csproj,File,DasBlog.Tests\DasBlog.Test.Integration\PlaywrightServerFactory.cs,24,11,T:System.Uri,,,,,"ClientOptions.BaseAddress = new Uri(""https://127.0.0.1"");"
Api.0003,Behavioral change in selected .NET version,Active,Potential,1,DasBlog.Tests\DasBlog.Test.Integration\DasBlog.Test.Integration.csproj,File,DasBlog.Tests\DasBlog.Test.Integration\PlaywrightServerFactory.cs,24,11,M:System.Uri.#ctor(System.String),,,,,"ClientOptions.BaseAddress = new Uri(""https://127.0.0.1"");"
Api.0003,Behavioral change in selected .NET version,Active,Potential,1,DasBlog.Tests\DasBlog.Test.Integration\DasBlog.Test.Integration.csproj,File,DasBlog.Tests\DasBlog.Test.Integration\PlaywrightServerFactory.cs,24,11,T:System.Uri,,,,,"ClientOptions.BaseAddress = new Uri(""https://127.0.0.1"");"
Project.0002,Project's target framework(s) needs to be changed,Active,Mandatory,1,DasBlog.Tests\UnitTests\DasBlog.Tests.UnitTests.csproj,File,DasBlog.Tests\UnitTests\DasBlog.Tests.UnitTests.csproj,,,,,,,,Current target framework: net8.0 Recommended target framework: net10.0
Api.0002,Source incompatible for selected .NET version,Active,Potential,1,DasBlog.Tests\UnitTests\DasBlog.Tests.UnitTests.csproj,File,DasBlog.Tests\UnitTests\Services\IdentityOptionsConfigurationTests.cs,16,3,M:System.TimeSpan.FromMinutes(System.Double),,,,,"var expected = new IdentityOptions  			{  				Password =  				{  					RequireDigit = true,  					RequiredLength = 8,  					RequireNonAlphanumeric = false,  					RequireUppercase = true,  					RequireLowercase = false,  					RequiredUniqueChars = 6  				},  				Lockout =  				{  					DefaultLockoutTimeSpan = TimeSpan.FromMinutes(30),  					MaxFailedAccessAttempts = 10,  					AllowedForNewUsers = true  				},  				User =  				{  					RequireUniqueEmail = true  				}  			};"
NuGet.0002,NuGet package upgrade is recommended,Active,Potential,1,DasBlog.Web\DasBlog.Web.csproj,File,DasBlog.Web\DasBlog.Web.csproj,,,Microsoft.AspNetCore.Identity.EntityFrameworkCore 8.0.10,,,,,"Microsoft.AspNetCore.Identity.EntityFrameworkCore, 8.0.10  Recommendation:  Remove Microsoft.AspNetCore.Identity.EntityFrameworkCore, and replace with new package Microsoft.AspNetCore.Identity.EntityFrameworkCore 10.0.3"
NuGet.0003,NuGet package functionality is included with framework reference,Active,Mandatory,1,DasBlog.Web\DasBlog.Web.csproj,File,DasBlog.Web\DasBlog.Web.csproj,,,Microsoft.AspNetCore.Mvc.Razor.Extensions 6.0.36,,,,,"Microsoft.AspNetCore.Mvc.Razor.Extensions, 6.0.36  Recommendation:  Package functionality included with new framework reference"
NuGet.0002,NuGet package upgrade is recommended,Active,Potential,1,DasBlog.Web\DasBlog.Web.csproj,File,DasBlog.Web\DasBlog.Web.csproj,,,Microsoft.AspNetCore.Mvc.Razor.RuntimeCompilation 8.0.10,,,,,"Microsoft.AspNetCore.Mvc.Razor.RuntimeCompilation, 8.0.10  Recommendation:  Remove Microsoft.AspNetCore.Mvc.Razor.RuntimeCompilation, and replace with new package Microsoft.AspNetCore.Mvc.Razor.RuntimeCompilation 10.0.3"
NuGet.0001,NuGet package is incompatible,Active,Mandatory,1,DasBlog.Web\DasBlog.Web.csproj,File,DasBlog.Web\DasBlog.Web.csproj,,,Microsoft.VisualStudio.Azure.Containers.Tools.Targets 1.21.0,,,,,"Microsoft.VisualStudio.Azure.Containers.Tools.Targets, 1.21.0  Recommendation:  No supported version found"
NuGet.0002,NuGet package upgrade is recommended,Active,Potential,1,DasBlog.Web\DasBlog.Web.csproj,File,DasBlog.Web\DasBlog.Web.csproj,,,Microsoft.VisualStudio.Web.CodeGeneration.Design 8.0.6,,,,,"Microsoft.VisualStudio.Web.CodeGeneration.Design, 8.0.6  Recommendation:  Remove Microsoft.VisualStudio.Web.CodeGeneration.Design, and replace with new package Microsoft.VisualStudio.Web.CodeGeneration.Design 10.0.2"
NuGet.0005,NuGet package is deprecated,Active,Optional,1,DasBlog.Web\DasBlog.Web.csproj,File,DasBlog.Web\DasBlog.Web.csproj,,,Microsoft.ApplicationInsights.AspNetCore 2.22.0,,,,,"Microsoft.ApplicationInsights.AspNetCore, 2.22.0  Recommendation:  This version is deprecated. Please use the most recent version. Remove Microsoft.ApplicationInsights.AspNetCore, and replace with new package Microsoft.ApplicationInsights.AspNetCore, 3.0.0"
Project.0002,Project's target framework(s) needs to be changed,Active,Mandatory,1,DasBlog.Web\DasBlog.Web.csproj,File,DasBlog.Web\DasBlog.Web.csproj,,,,,,,,Current target framework: net8.0 Recommended target framework: net10.0
Api.0002,Source incompatible for selected .NET version,Active,Potential,1,DasBlog.Web\DasBlog.Web.csproj,File,DasBlog.Web\Identity\ApplicationDbContext.cs,4,37,M:Microsoft.AspNetCore.Identity.EntityFrameworkCore.IdentityDbContext.#ctor,,,,,IdentityDbContext
Api.0002,Source incompatible for selected .NET version,Active,Potential,1,DasBlog.Web\DasBlog.Web.csproj,File,DasBlog.Web\Identity\ApplicationDbContext.cs,4,37,T:Microsoft.AspNetCore.Identity.EntityFrameworkCore.IdentityDbContext,,,,,IdentityDbContext
Api.0003,Behavioral change in selected .NET version,Active,Potential,1,DasBlog.Web\DasBlog.Web.csproj,File,DasBlog.Web\Settings\DasBlogSettings.cs,158,3,T:System.Xml.Serialization.XmlSerializer,,,,,var ser = new XmlSerializer(typeof(SiteSecurityConfig));
Api.0003,Behavioral change in selected .NET version,Active,Potential,1,DasBlog.Web\DasBlog.Web.csproj,File,DasBlog.Web\Settings\DasBlogSettings.cs,88,4,T:System.Uri,,,,,"return new Uri(new Uri(GetBaseUrl()), relative).AbsoluteUri;"
Api.0003,Behavioral change in selected .NET version,Active,Potential,1,DasBlog.Web\DasBlog.Web.csproj,File,DasBlog.Web\Settings\DasBlogSettings.cs,88,4,M:System.Uri.#ctor(System.String),,,,,"return new Uri(new Uri(GetBaseUrl()), relative).AbsoluteUri;"
Api.0003,Behavioral change in selected .NET version,Active,Potential,1,DasBlog.Web\DasBlog.Web.csproj,File,DasBlog.Web\Settings\DasBlogSettings.cs,88,4,T:System.Uri,,,,,"return new Uri(new Uri(GetBaseUrl()), relative).AbsoluteUri;"
Api.0003,Behavioral change in selected .NET version,Active,Potential,1,DasBlog.Web\DasBlog.Web.csproj,File,DasBlog.Web\Settings\DasBlogSettings.cs,88,4,"M:System.Uri.#ctor(System.Uri,System.String)",,,,,"return new Uri(new Uri(GetBaseUrl()), relative).AbsoluteUri;"
Api.0003,Behavioral change in selected .NET version,Active,Potential,1,DasBlog.Web\DasBlog.Web.csproj,File,DasBlog.Web\Settings\DasBlogSettings.cs,88,4,P:System.Uri.AbsoluteUri,,,,,"return new Uri(new Uri(GetBaseUrl()), relative).AbsoluteUri;"
Api.0003,Behavioral change in selected .NET version,Active,Potential,1,DasBlog.Web\DasBlog.Web.csproj,File,DasBlog.Web\Settings\DasBlogSettings.cs,76,4,T:System.Uri,,,,,return new Uri(SiteConfiguration.Root).AbsoluteUri;
Api.0003,Behavioral change in selected .NET version,Active,Potential,1,DasBlog.Web\DasBlog.Web.csproj,File,DasBlog.Web\Settings\DasBlogSettings.cs,76,4,M:System.Uri.#ctor(System.String),,,,,return new Uri(SiteConfiguration.Root).AbsoluteUri;
Api.0003,Behavioral change in selected .NET version,Active,Potential,1,DasBlog.Web\DasBlog.Web.csproj,File,DasBlog.Web\Settings\DasBlogSettings.cs,76,4,P:System.Uri.AbsoluteUri,,,,,return new Uri(SiteConfiguration.Root).AbsoluteUri;
Api.0003,Behavioral change in selected .NET version,Active,Potential,1,DasBlog.Web\DasBlog.Web.csproj,File,DasBlog.Web\Controllers\FeedController.cs,111,4,T:System.Xml.Serialization.XmlSerializer,,,,,var serializer = new XmlSerializer(typeof(AtomRoot));
Api.0002,Source incompatible for selected .NET version,Active,Potential,1,DasBlog.Web\DasBlog.Web.csproj,File,DasBlog.Web\Controllers\DasBlogController.cs,29,3,M:System.TimeSpan.FromMinutes(System.Double),,,,,return new MemoryCacheEntryOptions().SetSlidingExpiration(TimeSpan.FromMinutes(240));
Api.0003,Behavioral change in selected .NET version,Active,Potential,1,DasBlog.Web\DasBlog.Web.csproj,File,DasBlog.Web\TagHelpers\Site\SiteSearchBoxTagHelper.cs,51,4,P:System.Uri.AbsoluteUri,,,,,actionUrl = myUri.AbsoluteUri;
Api.0003,Behavioral change in selected .NET version,Active,Potential,1,DasBlog.Web\DasBlog.Web.csproj,File,DasBlog.Web\TagHelpers\Site\SiteSearchBoxTagHelper.cs,49,4,T:System.Uri,,,,,"var myUri = new Uri(baseUri, urlHelper.RouteUrl(Constants.SearcherRouteName));"
Api.0003,Behavioral change in selected .NET version,Active,Potential,1,DasBlog.Web\DasBlog.Web.csproj,File,DasBlog.Web\TagHelpers\Site\SiteSearchBoxTagHelper.cs,49,4,"M:System.Uri.#ctor(System.Uri,System.String)",,,,,"var myUri = new Uri(baseUri, urlHelper.RouteUrl(Constants.SearcherRouteName));"
Api.0003,Behavioral change in selected .NET version,Active,Potential,1,DasBlog.Web\DasBlog.Web.csproj,File,DasBlog.Web\TagHelpers\Site\SiteSearchBoxTagHelper.cs,48,4,T:System.Uri,,,,,var baseUri = new Uri(siteConfig.Root);
Api.0003,Behavioral change in selected .NET version,Active,Potential,1,DasBlog.Web\DasBlog.Web.csproj,File,DasBlog.Web\TagHelpers\Site\SiteSearchBoxTagHelper.cs,48,4,M:System.Uri.#ctor(System.String),,,,,var baseUri = new Uri(siteConfig.Root);
Api.0002,Source incompatible for selected .NET version,Active,Potential,1,DasBlog.Web\DasBlog.Web.csproj,File,DasBlog.Web\DasBlogServiceCollectionExtensions.cs,237,3,M:Microsoft.Extensions.DependencyInjection.RazorRuntimeCompilationMvcBuilderExtensions.AddRazorRuntimeCompilation(Microsoft.Extensions.DependencyInjection.IMvcBuilder),,,,,services  				.AddControllersWithViews()  				.AddRazorRuntimeCompilation();
Api.0001,Binary incompatible for selected .NET version,Active,Mandatory,1,DasBlog.Web\DasBlog.Web.csproj,File,DasBlog.Web\DasBlogServiceCollectionExtensions.cs,225,3,T:Microsoft.Extensions.DependencyInjection.ServiceCollectionExtensions,,,,,"services  				.AddAutoMapper((serviceProvider, mapperConfig) =>  				{  					mapperConfig.AddProfile(new ProfilePost(serviceProvider.GetService<IDasBlogSettings>()));  					mapperConfig.AddProfile(new ProfileDasBlogUser(serviceProvider.GetService<ISiteSecurityManager>()));  					mapperConfig.AddProfile(new ProfileSettings());  					mapperConfig.AddProfile(new ProfileActivityPub());  					mapperConfig.AddProfile(new ProfileStaticPage());  				}, Array.Empty<Assembly>())  				.AddMvc()  				.AddXmlSerializerFormatters();"
Api.0002,Source incompatible for selected .NET version,Active,Potential,1,DasBlog.Web\DasBlog.Web.csproj,File,DasBlog.Web\DasBlogServiceCollectionExtensions.cs,214,4,M:System.TimeSpan.FromSeconds(System.Double),,,,,options.IdleTimeout = TimeSpan.FromSeconds(1000);
Api.0002,Source incompatible for selected .NET version,Active,Potential,1,DasBlog.Web\DasBlog.Web.csproj,File,DasBlog.Web\DasBlogServiceCollectionExtensions.cs,170,4,M:System.TimeSpan.FromSeconds(System.Double),,,,,options.ExpireTimeSpan = TimeSpan.FromSeconds(10000);
Api.0001,Binary incompatible for selected .NET version,Active,Mandatory,1,DasBlog.Web\DasBlog.Web.csproj,File,DasBlog.Web\DasBlogServiceCollectionExtensions.cs,166,3,"M:Microsoft.Extensions.DependencyInjection.OptionsConfigurationServiceCollectionExtensions.Configure``1(Microsoft.Extensions.DependencyInjection.IServiceCollection,Microsoft.Extensions.Configuration.IConfiguration)",,,,,"services.Configure<IdentityOptions>(configuration.GetSection(""IdentityOptions""));"
Api.0001,Binary incompatible for selected .NET version,Active,Mandatory,1,DasBlog.Web\DasBlog.Web.csproj,File,DasBlog.Web\DasBlogServiceCollectionExtensions.cs,154,4,"M:Microsoft.Extensions.Configuration.ConfigurationBinder.GetValue``1(Microsoft.Extensions.Configuration.IConfiguration,System.String)",,,,,"options.AllowedHosts = configuration.GetValue<string>(""AllowedHosts"")?.Split(';').ToList<string>();"
Api.0001,Binary incompatible for selected .NET version,Active,Mandatory,1,DasBlog.Web\DasBlog.Web.csproj,File,DasBlog.Web\DasBlogServiceCollectionExtensions.cs,130,3,"M:Microsoft.Extensions.DependencyInjection.OptionsConfigurationServiceCollectionExtensions.Configure``1(Microsoft.Extensions.DependencyInjection.IServiceCollection,Microsoft.Extensions.Configuration.IConfiguration)",,,,,services.Configure<OEmbedProviders>(configuration);
Api.0001,Binary incompatible for selected .NET version,Active,Mandatory,1,DasBlog.Web\DasBlog.Web.csproj,File,DasBlog.Web\DasBlogServiceCollectionExtensions.cs,129,3,"M:Microsoft.Extensions.DependencyInjection.OptionsConfigurationServiceCollectionExtensions.Configure``1(Microsoft.Extensions.DependencyInjection.IServiceCollection,Microsoft.Extensions.Configuration.IConfiguration)",,,,,services.Configure<MetaTags>(configuration);
Api.0001,Binary incompatible for selected .NET version,Active,Mandatory,1,DasBlog.Web\DasBlog.Web.csproj,File,DasBlog.Web\DasBlogServiceCollectionExtensions.cs,128,3,"M:Microsoft.Extensions.DependencyInjection.OptionsConfigurationServiceCollectionExtensions.Configure``1(Microsoft.Extensions.DependencyInjection.IServiceCollection,Microsoft.Extensions.Configuration.IConfiguration)",,,,,services.Configure<SiteConfig>(configuration);
Api.0001,Binary incompatible for selected .NET version,Active,Mandatory,1,DasBlog.Web\DasBlog.Web.csproj,File,DasBlog.Web\DasBlogServiceCollectionExtensions.cs,127,3,"M:Microsoft.Extensions.DependencyInjection.OptionsConfigurationServiceCollectionExtensions.Configure``1(Microsoft.Extensions.DependencyInjection.IServiceCollection,Microsoft.Extensions.Configuration.IConfiguration)",,,,,services.Configure<TimeZoneProviderOptions>(configuration);
Api.0003,Behavioral change in selected .NET version,Active,Potential,1,DasBlog.Web\DasBlog.Web.csproj,File,DasBlog.Web\Program.cs,112,0,M:Microsoft.AspNetCore.Builder.ForwardedHeadersExtensions.UseForwardedHeaders(Microsoft.AspNetCore.Builder.IApplicationBuilder),,,,,app.UseForwardedHeaders();
Api.0003,Behavioral change in selected .NET version,Active,Potential,1,DasBlog.Web\DasBlog.Web.csproj,File,DasBlog.Web\Program.cs,99,1,P:System.Uri.AbsolutePath,,,,,basePath = rootUri.AbsolutePath;
Api.0003,Behavioral change in selected .NET version,Active,Potential,1,DasBlog.Web\DasBlog.Web.csproj,File,DasBlog.Web\Program.cs,98,1,T:System.Uri,,,,,var rootUri = new Uri(dasBlogSettings.SiteConfiguration.Root);
Api.0003,Behavioral change in selected .NET version,Active,Potential,1,DasBlog.Web\DasBlog.Web.csproj,File,DasBlog.Web\Program.cs,98,1,M:System.Uri.#ctor(System.String),,,,,var rootUri = new Uri(dasBlogSettings.SiteConfiguration.Root);
Api.0003,Behavioral change in selected .NET version,Active,Potential,1,DasBlog.Web\DasBlog.Web.csproj,File,DasBlog.Web\Program.cs,63,1,"M:Microsoft.AspNetCore.Builder.ExceptionHandlerExtensions.UseExceptionHandler(Microsoft.AspNetCore.Builder.IApplicationBuilder,System.String)",,,,,"app.UseExceptionHandler(""/home/error"");"
Project.0002,Project's target framework(s) needs to be changed,Active,Mandatory,1,newtelligence.DasBlog.Runtime\newtelligence.DasBlog.Runtime.csproj,File,newtelligence.DasBlog.Runtime\newtelligence.DasBlog.Runtime.csproj,,,,,,,,Current target framework: net8.0 Recommended target framework: net10.0
Api.0003,Behavioral change in selected .NET version,Active,Potential,1,newtelligence.DasBlog.Runtime\newtelligence.DasBlog.Runtime.csproj,File,newtelligence.DasBlog.Runtime\DayExtra.cs,234,5,T:System.Xml.Serialization.XmlSerializer,,,,,"XmlSerializer ser = new XmlSerializer(typeof (DayExtra), Data.NamespaceURI);"
Api.0003,Behavioral change in selected .NET version,Active,Potential,1,newtelligence.DasBlog.Runtime\newtelligence.DasBlog.Runtime.csproj,File,newtelligence.DasBlog.Runtime\DayExtra.cs,203,5,T:System.Xml.Serialization.XmlSerializer,,,,,"XmlSerializer ser = new XmlSerializer(typeof (DayExtra), Data.NamespaceURI);"
Api.0003,Behavioral change in selected .NET version,Active,Potential,1,newtelligence.DasBlog.Runtime\newtelligence.DasBlog.Runtime.csproj,File,newtelligence.DasBlog.Runtime\DayEntry.cs,251,6,T:System.Xml.Serialization.XmlSerializer,,,,,"XmlSerializer ser = new XmlSerializer(typeof(DayEntry),Data.NamespaceURI);"
Api.0003,Behavioral change in selected .NET version,Active,Potential,1,newtelligence.DasBlog.Runtime\newtelligence.DasBlog.Runtime.csproj,File,newtelligence.DasBlog.Runtime\DayEntry.cs,203,6,T:System.Xml.Serialization.XmlSerializer,,,,,"XmlSerializer ser = new XmlSerializer(typeof(DayEntry),Data.NamespaceURI);"
Api.0003,Behavioral change in selected .NET version,Active,Potential,1,newtelligence.DasBlog.Runtime\newtelligence.DasBlog.Runtime.csproj,File,newtelligence.DasBlog.Runtime\BlogDataService.cs,409,24,T:System.Uri,,,,,"using (var response = httpClient.PostAsync(new Uri(trackbackUrl), content).ConfigureAwait(false).GetAwaiter().GetResult())                          {                              response.EnsureSuccessStatusCode();                          }"
Api.0003,Behavioral change in selected .NET version,Active,Potential,1,newtelligence.DasBlog.Runtime\newtelligence.DasBlog.Runtime.csproj,File,newtelligence.DasBlog.Runtime\BlogDataService.cs,409,24,M:System.Uri.#ctor(System.String),,,,,"using (var response = httpClient.PostAsync(new Uri(trackbackUrl), content).ConfigureAwait(false).GetAwaiter().GetResult())                          {                              response.EnsureSuccessStatusCode();                          }"
Api.0003,Behavioral change in selected .NET version,Active,Potential,1,newtelligence.DasBlog.Runtime\newtelligence.DasBlog.Runtime.csproj,File,newtelligence.DasBlog.Runtime\BlogDataService.cs,374,20,T:System.Uri,,,,,if (trackBacklink.Scheme == Uri.UriSchemeHttp)                          return trackBacklink.ToString();
Api.0003,Behavioral change in selected .NET version,Active,Potential,1,newtelligence.DasBlog.Runtime\newtelligence.DasBlog.Runtime.csproj,File,newtelligence.DasBlog.Runtime\BlogDataService.cs,373,20,T:System.Uri,,,,,"Uri trackBacklink = new Uri(m.Groups[""url""].Value);"
Api.0003,Behavioral change in selected .NET version,Active,Potential,1,newtelligence.DasBlog.Runtime\newtelligence.DasBlog.Runtime.csproj,File,newtelligence.DasBlog.Runtime\BlogDataService.cs,373,20,M:System.Uri.#ctor(System.String),,,,,"Uri trackBacklink = new Uri(m.Groups[""url""].Value);"
Api.0003,Behavioral change in selected .NET version,Active,Potential,1,newtelligence.DasBlog.Runtime\newtelligence.DasBlog.Runtime.csproj,File,newtelligence.DasBlog.Runtime\Entry.cs,422,3,T:System.Xml.Serialization.XmlSerializer,,,,,"XmlSerializer ser = new XmlSerializer(typeof(Entry), Data.NamespaceURI);"
Api.0003,Behavioral change in selected .NET version,Active,Potential,1,newtelligence.DasBlog.Runtime\newtelligence.DasBlog.Runtime.csproj,File,newtelligence.DasBlog.Runtime\FileSystemBinaryDataService.cs,221,20,T:System.Uri,,,,,binaryRoot
Api.0003,Behavioral change in selected .NET version,Active,Potential,1,newtelligence.DasBlog.Runtime\newtelligence.DasBlog.Runtime.csproj,File,newtelligence.DasBlog.Runtime\FileSystemBinaryDataService.cs,163,12,T:System.Uri,,,,,"return new Uri(binaryRoot, relPath).ToString();"
Api.0003,Behavioral change in selected .NET version,Active,Potential,1,newtelligence.DasBlog.Runtime\newtelligence.DasBlog.Runtime.csproj,File,newtelligence.DasBlog.Runtime\FileSystemBinaryDataService.cs,163,12,T:System.Uri,,,,,"return new Uri(binaryRoot, relPath).ToString();"
Api.0003,Behavioral change in selected .NET version,Active,Potential,1,newtelligence.DasBlog.Runtime\newtelligence.DasBlog.Runtime.csproj,File,newtelligence.DasBlog.Runtime\FileSystemBinaryDataService.cs,163,12,"M:System.Uri.#ctor(System.Uri,System.String)",,,,,"return new Uri(binaryRoot, relPath).ToString();"
Api.0003,Behavioral change in selected .NET version,Active,Potential,1,newtelligence.DasBlog.Runtime\newtelligence.DasBlog.Runtime.csproj,File,newtelligence.DasBlog.Runtime\FileSystemBinaryDataService.cs,159,3,T:System.Uri,,,,,"var relUri = new Uri( relPath, UriKind.Relative);"
Api.0003,Behavioral change in selected .NET version,Active,Potential,1,newtelligence.DasBlog.Runtime\newtelligence.DasBlog.Runtime.csproj,File,newtelligence.DasBlog.Runtime\FileSystemBinaryDataService.cs,159,3,"M:System.Uri.#ctor(System.String,System.UriKind)",,,,,"var relUri = new Uri( relPath, UriKind.Relative);"
Api.0003,Behavioral change in selected .NET version,Active,Potential,1,newtelligence.DasBlog.Runtime\newtelligence.DasBlog.Runtime.csproj,File,newtelligence.DasBlog.Runtime\FileSystemBinaryDataService.cs,59,5,T:System.Uri,,,,,"internal FileSystemBinaryDataService(string contentLocation, Uri binaryRootUrl, ILoggingDataService loggingService, ICdnManager cdnManager)          {              // parameter validation              if (string.IsNullOrEmpty(contentLocation))              {                  throw new ArgumentException(""contentLocation must be specified."", ""contentLocation"");              }                if (!Path.IsPathRooted(contentLocation))              {                  throw new ArgumentException(""content location must be an absolute path."");              }                if (loggingService == null)              {                  throw new ArgumentNullException(""loggingService"");              }                if (binaryRootUrl == null )              {                  throw new ArgumentNullException(""binaryRootUrl"");              }                this.contentLocation = contentLocation;              this.loggingService = loggingService;              this.cdnManager = cdnManager;              this.binaryRoot = binaryRootUrl;          }"
Api.0003,Behavioral change in selected .NET version,Active,Potential,1,newtelligence.DasBlog.Runtime\newtelligence.DasBlog.Runtime.csproj,File,newtelligence.DasBlog.Runtime\FileSystemBinaryDataService.cs,85,12,T:System.Uri,,,,,this.binaryRoot = binaryRootUrl;
Api.0003,Behavioral change in selected .NET version,Active,Potential,1,newtelligence.DasBlog.Runtime\newtelligence.DasBlog.Runtime.csproj,File,newtelligence.DasBlog.Runtime\FileSystemBinaryDataService.cs,59,5,T:System.Uri,,,,,"internal FileSystemBinaryDataService(string contentLocation, Uri binaryRootUrl, ILoggingDataService loggingService, ICdnManager cdnManager)          {              // parameter validation              if (string.IsNullOrEmpty(contentLocation))              {                  throw new ArgumentException(""contentLocation must be specified."", ""contentLocation"");              }                if (!Path.IsPathRooted(contentLocation))              {                  throw new ArgumentException(""content location must be an absolute path."");              }                if (loggingService == null)              {                  throw new ArgumentNullException(""loggingService"");              }                if (binaryRootUrl == null )              {                  throw new ArgumentNullException(""binaryRootUrl"");              }                this.contentLocation = contentLocation;              this.loggingService = loggingService;              this.cdnManager = cdnManager;              this.binaryRoot = binaryRootUrl;          }"
Api.0003,Behavioral change in selected .NET version,Active,Potential,1,newtelligence.DasBlog.Runtime\newtelligence.DasBlog.Runtime.csproj,File,newtelligence.DasBlog.Runtime\FileSystemBinaryDataService.cs,85,12,T:System.Uri,,,,,this.binaryRoot = binaryRootUrl;
Api.0003,Behavioral change in selected .NET version,Active,Potential,1,newtelligence.DasBlog.Runtime\newtelligence.DasBlog.Runtime.csproj,File,newtelligence.DasBlog.Runtime\FileSystemBinaryDataService.cs,21,8,T:System.Uri,,,,,"public static IBinaryDataService GetService(string contentLocation, Uri rootUrl, ILoggingDataService loggingService, ICdnManager cdnManager)"
Api.0002,Source incompatible for selected .NET version,Active,Potential,1,newtelligence.DasBlog.Runtime\newtelligence.DasBlog.Runtime.csproj,File,newtelligence.DasBlog.Runtime\LoggingDataService.cs,494,5,M:System.TimeSpan.FromMilliseconds(System.Double),,,,,lockObject.AcquireWriterLock(TimeSpan.FromMilliseconds(250));
Api.0002,Source incompatible for selected .NET version,Active,Potential,1,newtelligence.DasBlog.Runtime\newtelligence.DasBlog.Runtime.csproj,File,newtelligence.DasBlog.Runtime\LoggingDataService.cs,445,5,M:System.TimeSpan.FromMilliseconds(System.Double),,,,,lockObject.AcquireWriterLock(TimeSpan.FromMilliseconds(250));
Api.0002,Source incompatible for selected .NET version,Active,Potential,1,newtelligence.DasBlog.Runtime\newtelligence.DasBlog.Runtime.csproj,File,newtelligence.DasBlog.Runtime\LoggingDataService.cs,333,4,M:System.TimeSpan.FromMilliseconds(System.Double),,,,,lockObject.AcquireReaderLock(TimeSpan.FromMilliseconds(250));
Api.0002,Source incompatible for selected .NET version,Active,Potential,1,newtelligence.DasBlog.Runtime\newtelligence.DasBlog.Runtime.csproj,File,newtelligence.DasBlog.Runtime\LoggingDataService.cs,214,5,M:System.TimeSpan.FromMilliseconds(System.Double),,,,,param.LockObject.AcquireReaderLock(TimeSpan.FromMilliseconds(250));
Api.0003,Behavioral change in selected .NET version,Active,Potential,1,newtelligence.DasBlog.Runtime\newtelligence.DasBlog.Runtime.csproj,File,newtelligence.DasBlog.Runtime\CommentFile.cs,77,4,T:System.Xml.Serialization.XmlSerializer,,,,,XmlSerializer x = new XmlSerializer(typeof(DayExtra));
